title,company,xp,link
[산업기능요원 / 보충역] 풀스택 개발자,소프트스퀘어드,경력 2-5년,https://www.wanted.co.kr/wd/268730
AI 서비스 React 웹 프론트앤드 개발자,퀀텀에이아이,경력 1-8년,https://www.wanted.co.kr/wd/291332
네트워크 장비 Web Management 솔루션 개발,파이오링크,경력 2년 이상,https://www.wanted.co.kr/wd/253444
AI 기반 한국어 교육 앱 React Native 개발자,오늘의웹툰,신입,https://www.wanted.co.kr/wd/297628
모바일 앱 개발자(React-native),뉴플로이,경력 1-3년,https://www.wanted.co.kr/wd/284690
[시니어] 프론트 개발자(React / React Native) (5~7년),낭만상회,경력 5-7년,https://www.wanted.co.kr/wd/262741
프론트엔드 개발자,트랄라랩,경력 3년 이상,https://www.wanted.co.kr/wd/288644
프론트엔드 개발자 (블록체인),넥써쓰,경력 3년 이상,https://www.wanted.co.kr/wd/273425
[구독팀] Front-End Engineer,한국신용데이터(KCD),경력 7-15년,https://www.wanted.co.kr/wd/284894
Full Stack Engineer (Front-End Leaning),두부,경력 5년,https://www.wanted.co.kr/wd/291146
프론트엔드 (React) 리드 개발자 (5년 이상),콥틱(브리즘),경력 5-10년,https://www.wanted.co.kr/wd/266905
"앱 개발자 (React Native,  2년 이상)",코딧(CODITCorp.),경력 2-4년,https://www.wanted.co.kr/wd/135520
React Native 개발 (3년차 이상),한국공교육원,경력 3년 이상,https://www.wanted.co.kr/wd/290349
자사 디지털광고 솔루션 풀스택 및 크롤링 개발자 (3년이상),포캐스크이엔엠,경력 3년 이상,https://www.wanted.co.kr/wd/271372
[RTB] Full Stack 주니어,알스퀘어,경력 4년 이상,https://www.wanted.co.kr/wd/290192
모바일 앱 개발자 (React Native),큐피스트(글램),경력 3-6년,https://www.wanted.co.kr/wd/273606
모바일 앱 프론트엔드 개발자(React Native),라라잡(동네알바),경력 2년 이상,https://www.wanted.co.kr/wd/298072
모바일 앱 개발자(React Native / Web3 지갑),파이랩테크놀로지,경력 2-10년,https://www.wanted.co.kr/wd/286705
React Native 개발 담당,미니쉬테크놀로지,경력 3-10년,https://www.wanted.co.kr/wd/290183
프론트엔드 개발자,부동산플래닛,경력 3-7년,https://www.wanted.co.kr/wd/277828
React-Native 앱개발자,비버웍스,경력 3-10년,https://www.wanted.co.kr/wd/296069
Senior Fullstack Software Engineer,제이앤피메디(JNPMEDI),경력 8-30년,https://www.wanted.co.kr/wd/291964
앱(React Native) 개발자,클라썸,경력 2년 이상,https://www.wanted.co.kr/wd/296042
서비스 플랫폼/백오피스 프론트 개발자(5년 이상),아이피아,경력 5년 이상,https://www.wanted.co.kr/wd/293622
풀스택 개발자,완드,경력 5-10년,https://www.wanted.co.kr/wd/291315
Senior Front-end Software Engineer,제이앤피메디(JNPMEDI),경력 8-30년,https://www.wanted.co.kr/wd/291970
프론트엔드 개발자 (5년 이상),아이헤이트플라잉버그스,경력 5년 이상,https://www.wanted.co.kr/wd/289347
웹 프론트엔드 개발자 (로봇 관제 솔루션),다임리서치,경력 7-12년,https://www.wanted.co.kr/wd/276306
Frontend Engineer (4년 이상),두잇 (Doeat),경력 4년 이상,https://www.wanted.co.kr/wd/254649
Frontend Engineer,데이터라이즈,경력 5-10년,https://www.wanted.co.kr/wd/233910
디지털치료기기(DTx) 모바일 앱 개발자 (React Native),베이글랩스,경력 5년 이상,https://www.wanted.co.kr/wd/298052
[노코드 웹빌더 스쿼드] Front-End Engineer,아임웹,경력 5년 이상,https://www.wanted.co.kr/wd/274816
모바일 앱 개발자 (React Native),그로들,경력 3년 이상,https://www.wanted.co.kr/wd/297038
Software Engineer(frontend/backend) | 3년~5년,우주에이엠에프,경력 3-5년,https://www.wanted.co.kr/wd/297880
로봇 어플리케이션(프론트엔드) 개발자,두산로보틱스,경력 5-15년,https://www.wanted.co.kr/wd/286996
[hourplace] React Native 모바일앱 개발자,먼치팩토리,경력 5-12년,https://www.wanted.co.kr/wd/288679
React 프론트엔드 개발자,티티씨,경력 4년 이상,https://www.wanted.co.kr/wd/281229
[공짱] 개발자 (5년 이상),퍼펙토리,경력 5-10년,https://www.wanted.co.kr/wd/295986
시니어 리액트 네이티브 & 프론트엔드 개발자,써틴컴퍼니,경력 5년 이상,https://www.wanted.co.kr/wd/283920
"프론트엔드 개발자 (리더, React.js 5년 이상)",코딧(CODITCorp.),경력 5-7년,https://www.wanted.co.kr/wd/93806
"개발팀장 (React Native + Node.js 개발, 5년 이상)",더블유클럽,경력 4-8년,https://www.wanted.co.kr/wd/191442
[Casino Platform] Frontend Developer(React Web),앤서스랩코리아,경력 4년 이상,https://www.wanted.co.kr/wd/283102
[제주]개발자 (5년이상),잇뉴,경력 5년 이상,https://www.wanted.co.kr/wd/294485
Senior Front-end Engineer,엔젤스윙,경력 5년 이상,https://www.wanted.co.kr/wd/298815
Engineering Lead,엔젤스윙,경력 8년 이상,https://www.wanted.co.kr/wd/298834
Software Engineer (React Native),퍼슬리,경력 3-5년,https://www.wanted.co.kr/wd/289309
React 프런트엔드 개발자,필라넷,경력 6년 이상,https://www.wanted.co.kr/wd/298317
React Native Frontend Engineer,아이지넷(보닥),경력 5-15년,https://www.wanted.co.kr/wd/225274
플랫폼 서비스 앱 개발자 (React Native),엠피에이지(MPAG),경력 5-15년,https://www.wanted.co.kr/wd/262642
프론트엔드 리드 엔지니어,엘리스,경력 5년 이상,https://www.wanted.co.kr/wd/229818
[클립아트코리아] 에디터팀 프론트엔드 웹개발자 (Next.js/React),통로이미지,경력 4-10년,https://www.wanted.co.kr/wd/278198
시니어 프론트엔드 개발자(React Native),크디랩,경력 5-10년,https://www.wanted.co.kr/wd/293521
프론트엔드 개발자,플립커뮤니케이션즈,경력 4-10년,https://www.wanted.co.kr/wd/120477
Senior React Native Engineer,리디(RIDI),경력 8년 이상,https://www.wanted.co.kr/wd/290217
프론트엔드·웹 엔지니어 (리더),에이에프아이,경력 7-20년,https://www.wanted.co.kr/wd/285095
풀 스택 개발자,트루밸류,경력 3-6년,https://www.wanted.co.kr/wd/288340
ReactNative/React 프론트 개발자 (3년 이상),페이워크,경력 3-10년,https://www.wanted.co.kr/wd/150575
축구 iot 장비 개발자,리액트피크,경력 1-4년,https://www.wanted.co.kr/wd/277944
CTO 개발자(7~12년),핑퐁,경력 7-12년,https://www.wanted.co.kr/wd/267084
React Native 앱 개발자,호각,경력 3년 이상,https://www.wanted.co.kr/wd/262089
